{
  "description": {
    "text": "Ender Slayer"
  },
  "exclusive_set": [
    "minecraft:sharpness",
    "minecraft:smite",
    "minecraft:bane_of_arthropods",
    "nebsenchantments:one_for_all",
    "minecraft:density",
    "minecraft:breach"
  ],
  "supported_items": "#minecraft:enchantable/weapon",
  "primary_items": [
    "minecraft:diamond_sword",
    "minecraft:golden_sword",
    "minecraft:iron_sword",
    "minecraft:netherite_sword",
    "minecraft:stone_sword",
    "minecraft:wooden_sword",
    "minecraft:diamond_axe",
    "minecraft:golden_axe",
    "minecraft:iron_axe",
    "minecraft:netherite_axe",
    "minecraft:stone_axe",
    "minecraft:wooden_axe",
    "minecraft:mace"
  ],
  "weight": 5,
  "max_level": 5,
  "min_cost": {
    "base": 5,
    "per_level_above_first": 8
  },
  "max_cost": {
    "base": 25,
    "per_level_above_first": 8
  },
  "anvil_cost": 2,
  "slots": [
    "mainhand"
  ],
  "effects": {
    "minecraft:damage": [
      {
        "effect": {
          "type": "minecraft:add",
          "value": {
            "type": "minecraft:linear",
            "base": 5,
            "per_level_above_first": 5
          }
        },
        "requirements": {
          "condition": "minecraft:entity_properties",
          "entity": "this",
          "predicate": {
            "type": [
              "minecraft:ender_dragon",
              "minecraft:enderman",
              "minecraft:endermite",
              "minecraft:shulker"
            ]
          }
        }
      }
    ],
    "minecraft:post_attack": [
      {
        "enchanted": "attacker",
        "affected": "victim",
        "effect": {
          "type": "minecraft:apply_mob_effect",
          "to_apply": "minecraft:weakness",
          "min_duration": 4,
          "max_duration": 4,
          "min_amplifier": 4,
          "max_amplifier": 4
        }
      }
    ]
  }
}
