{
  "description": {
    "text": "Lifesteal"
  },
  "exclusive_set": [
    "minecraft:sharpness",
    "minecraft:smite",
    "minecraft:bane_of_arthropods",
    "nebsenchantments:one_for_all",
    "nebsenchantments:ender_slayer",
    "minecraft:density",
    "minecraft:breach",
    "nebsenchantments:raiders_misfortune"
  ],
  "supported_items": "#minecraft:enchantable/weapon",
  "primary_items": [
    "minecraft:diamond_sword",
    "minecraft:golden_sword",
    "minecraft:iron_sword",
    "minecraft:netherite_sword",
    "minecraft:stone_sword",
    "minecraft:wooden_sword",
    "minecraft:diamond_axe",
    "minecraft:golden_axe",
    "minecraft:iron_axe",
    "minecraft:netherite_axe",
    "minecraft:stone_axe",
    "minecraft:wooden_axe",
    "minecraft:mace"
  ],
  "weight": 3,
  "max_level": 3,
  "min_cost": {
    "base": 1,
    "per_level_above_first": 11
  },
  "max_cost": {
    "base": 21,
    "per_level_above_first": 11
  },
  "anvil_cost": 1,
  "slots": [
    "mainhand"
  ],
  "effects": {
    "minecraft:post_attack": [
      {
        "enchanted": "attacker",
        "affected": "attacker",
        "effect": {
          "type": "minecraft:apply_mob_effect",
          "to_apply": "minecraft:regeneration",
          "min_duration": 2,
          "max_duration": 2,
          "min_amplifier": {
            "type": "minecraft:linear",
            "base": 1,
            "per_level_above_first": 1
          },
          "max_amplifier": {
            "type": "minecraft:linear",
            "base": 1,
            "per_level_above_first": 1
          }
        }
      }
    ]
  }
}
