{
  "description": {
    "text": "One For All"
  },
  "exclusive_set": [
    "minecraft:bane_of_arthropods",
    "minecraft:efficiency",
    "minecraft:fire_aspect",
    "minecraft:knockback",
    "minecraft:looting",
    "minecraft:mending",
    "minecraft:sharpness",
    "minecraft:silk_touch",
    "minecraft:smite",
    "minecraft:fortune",
    "minecraft:sweeping_edge",
    "minecraft:unbreaking",
    "minecraft:vanishing_curse"
  ],
  "supported_items": "#minecraft:enchantable/sharp_weapon",
  "primary_items": "#minecraft:enchantable/sharp_weapon",
  "weight": 1,
  "max_level": 1,
  "min_cost": {
    "base": 30,
    "per_level_above_first": 0
  },
  "max_cost": {
    "base": 30,
    "per_level_above_first": 0
  },
  "anvil_cost": 15,
  "slots": [
    "mainhand"
  ],
  "effects": {
    "minecraft:damage": [
      {
        "effect": {
          "type": "minecraft:multiply",
          "factor": 2.5
        }
      }
    ],
    "minecraft:post_attack": [
      {
        "enchanted": "attacker",
        "affected": "attacker",
        "effect": {
          "type": "minecraft:apply_mob_effect",
          "to_apply": [
            "minecraft:weakness",
            "minecraft:weakness"
          ],
          "min_duration": 3,
          "max_duration": 3,
          "min_amplifier": 10,
          "max_amplifier": 10
        }
      }
    ]
  }
}
