{
  "display": {
    "icon": {
      "id": "minecraft:music_disc_11",
      "count": 1
    },
    "title": "Spookfest",
    "description": "Obtain Music Disc \"11\"",
    "frame": "goal",
    "show_toast": true,
    "announce_to_chat": true,
    "hidden": false
  },
  "parent": "minecraft:adventure/sleep_in_bed",
  "criteria": {
    "": {
      "trigger": "minecraft:inventory_changed",
      "conditions": {
        "items": [
          {
            "items": "minecraft:music_disc_11",
            "count": {
              "min": 1,
              "max": 40
            }
          }
        ]
      }
    }
  },
  "rewards": {
    "experience": 5
  }
}
