{
  "display": {
    "icon": {
      "id": "minecraft:note_block",
      "count": 1
    },
    "title": {
      "text": "Grand Musical"
    },
    "description": {
      "text": "Have all Music Discs in your inventoy"
    },
    "frame": "challenge"
  },
  "parent": "minecraft:adventure/play_jukebox_in_meadows",
  "criteria": {
    "": {
      "trigger": "minecraft:inventory_changed",
      "conditions": {
        "items": [
          {
            "items": "minecraft:music_disc_11",
            "count": {
              "min": 1,
              "max": 999999
            }
          },
          {
            "items": "minecraft:music_disc_13",
            "count": {
              "min": 1,
              "max": 999999
            }
          },
          {
            "items": "minecraft:music_disc_5",
            "count": {
              "min": 1,
              "max": 999999
            }
          },
          {
            "items": "minecraft:music_disc_blocks",
            "count": {
              "min": 1,
              "max": 999999
            }
          },
          {
            "items": "minecraft:music_disc_cat",
            "count": {
              "min": 1,
              "max": 999999
            }
          },
          {
            "items": "minecraft:music_disc_chirp",
            "count": {
              "min": 1,
              "max": 999999
            }
          },
          {
            "items": "minecraft:music_disc_creator",
            "count": {
              "min": 1,
              "max": 999999
            }
          },
          {
            "items": "minecraft:music_disc_creator_music_box",
            "count": {
              "min": 1,
              "max": 999999
            }
          },
          {
            "items": "minecraft:music_disc_far",
            "count": {
              "min": 1,
              "max": 999999
            }
          },
          {
            "items": "minecraft:music_disc_mall",
            "count": {
              "min": 1,
              "max": 999999
            }
          },
          {
            "items": "minecraft:music_disc_otherside",
            "count": {
              "min": 1,
              "max": 999999
            }
          },
          {
            "items": "minecraft:music_disc_pigstep",
            "count": {
              "min": 1,
              "max": 999999
            }
          },
          {
            "items": "minecraft:music_disc_precipice",
            "count": {
              "min": 1,
              "max": 999999
            }
          },
          {
            "items": "minecraft:music_disc_relic",
            "count": {
              "min": 1,
              "max": 999999
            }
          },
          {
            "items": "minecraft:music_disc_stal",
            "count": {
              "min": 1,
              "max": 999999
            }
          },
          {
            "items": "minecraft:music_disc_strad",
            "count": {
              "min": 1,
              "max": 999999
            }
          },
          {
            "items": "minecraft:music_disc_wait",
            "count": {
              "min": 1,
              "max": 999999
            }
          },
          {
            "items": "minecraft:music_disc_ward",
            "count": {
              "min": 1,
              "max": 999999
            }
          }
        ]
      }
    }
  },
  "rewards": {
    "experience": 100
  }
}
